id,title,release_year,rating,genre
1,Bucharest,2016,4.34,WESTERN
2,Manama,2021,5.46,ACTION
3,Faisalabad,2013,10.9,WESTERN
4,Caracas,2012,9.24,CRIME
5,London,2021,6.09,ACTION
6,Sacramento,2012,7.8,WESTERN
7,Ciudad del Este,2017,6.36,WESTERN
8,Riga,2019,4.67,WESTERN
9,Calgary,2021,9.44,DRAMA
10,Jeddah,2012,5.22,ACTION
11,Bratislava,2013,4.2,ACTION
12,Dunedin,2013,5.32,ACTION
13,İzmir,2012,3.63,DRAMA
14,Leeds,2015,5.49,WESTERN
15,Yakutsk,2019,8.64,WESTERN
16,Gold Coast,2022,8.67,ACTION
17,Xi'an,2019,2.65,DRAMA
18,Prague,2021,8.86,CRIME
19,Bujumbura,2013,10.41,DRAMA
20,Mexico City,2012,6.94,CRIME
21,Mendoza,2017,6.59,DRAMA
22,Singapore,2019,6.83,DRAMA
23,Reykjavík,2019,3.93,DRAMA
24,Düsseldorf,2012,8.02,WESTERN
25,Kota Kinabalu,2015,10.99,CRIME
26,Maceió,2014,6.14,DRAMA
27,Manaus,2017,8.6,ACTION
28,Peshawar,2021,8.98,ACTION
29,Denpasar,2020,5.08,DRAMA
30,Toronto,2014,3.55,WESTERN
31,Kobe,2015,7.43,DRAMA
32,Gaziantep,2018,2.7,WESTERN
33,Malacca Town,2016,9.14,CRIME
34,Antofagasta,2014,3.37,DRAMA
35,Iqaluit,2014,10.85,DRAMA
36,Durango,2015,1.23,CRIME
37,Samara,2015,4.64,WESTERN
38,Sitka,2019,3.09,DRAMA
39,City of Halifax,2016,3.6,CRIME
40,Nukulaelae,2013,5.07,ACTION
41,Kyoto,2019,9.1,CRIME
42,Semarang,2018,2.3,CRIME
43,Dammam,2022,1.7,WESTERN
44,Bangkok,2021,2.12,WESTERN
45,Xining,2019,3.71,CRIME
46,Thiès,2016,10.5,CRIME
47,Macapá,2019,9.13,WESTERN
48,Toronto,2014,10.44,WESTERN
49,Mandurah,2022,1.82,WESTERN
50,Valletta,2020,8.4,DRAMA
51,Gaborone,2022,6.43,ACTION
52,Salt Lake City,2015,2.47,DRAMA
53,Suva,2022,8.86,ACTION
54,Raleigh,2022,7,WESTERN
55,Kingstown,2021,6.03,ACTION
56,Jeddah,2020,9.95,WESTERN
57,Antofagasta,2018,6.71,CRIME
58,Riga,2018,6.88,ACTION
59,Tskhinvali,2021,10.93,DRAMA
60,Murmansk,2013,1.3,DRAMA
61,Andorra la Vella,2012,5.46,CRIME
62,St. Louis,2019,1.37,ACTION
63,Guatemala City,2014,9.29,ACTION
64,Whitehorse,2020,3.95,DRAMA
65,Forked River,2015,2.52,DRAMA
66,Macapá,2022,5.88,WESTERN
67,Palma,2019,1.97,DRAMA
68,Managua,2018,6.02,ACTION
69,Petropavlovsk-Kamchatsky,2012,9.88,DRAMA
70,Melbourne,2017,6.43,WESTERN
71,Ahmedabad,2014,4.27,CRIME
72,Charlottetown,2016,1.85,DRAMA
73,Incheon,2016,5.87,CRIME
74,Shenyang,2014,6.61,WESTERN
75,Managua,2020,8.98,CRIME
76,Pago Pago,2015,1.09,DRAMA
77,Yaoundé,2018,4.59,WESTERN
78,Anadyr (town),2014,9.56,WESTERN
79,La Serena,2018,10.34,CRIME
80,Huế,2013,10.23,DRAMA
81,Hanover,2020,8.83,ACTION
82,Adelaide,2017,3.23,DRAMA
83,Weno,2012,7.18,DRAMA
84,Montreal,2015,9.54,ACTION
85,Mérida,2016,8.14,ACTION
86,Livingstone,2020,3.95,DRAMA
87,Asmara,2017,5.83,CRIME
88,Luanda,2014,9.82,ACTION
89,Managua,2013,1.2,WESTERN
90,Adak,2021,5,DRAMA
91,Pelotas,2015,1.46,DRAMA
92,Marseille,2015,2.56,WESTERN
93,Semarang,2013,7.63,WESTERN
94,Mwanza,2019,2.16,WESTERN
95,Hangzhou,2021,5.95,DRAMA
96,Raleigh,2015,1.61,DRAMA
97,Suez,2015,2.99,CRIME
98,Vientiane,2018,5.3,CRIME
99,Cali,2018,2.72,CRIME
100,Nassau,2015,8.36,DRAMA
101,Puebla,2016,5.13,WESTERN
102,Charlottetown,2022,1.65,WESTERN
103,Rotterdam,2015,8.73,WESTERN
104,Tripoli,2015,2.45,WESTERN
105,Kuala Lumpur,2021,3.58,CRIME
106,Whitehorse,2015,1.22,ACTION
107,Rotterdam,2022,9.61,DRAMA
108,Espoo,2016,2.08,WESTERN
109,Santiago de Cuba,2017,8.58,WESTERN
110,Baku,2020,7.96,WESTERN
111,Incheon,2019,8.72,CRIME
112,Chongqing,2018,1.85,ACTION
113,Changchun,2022,6.47,DRAMA
114,Luxembourg (city),2013,6.32,ACTION
115,Kobe,2015,10.51,ACTION
116,Melekeok,2020,4.92,ACTION
117,Da Nang,2014,10.84,WESTERN
118,Rawalpindi,2016,10.92,WESTERN
119,Agartala,2019,9.38,WESTERN
120,Toronto,2016,9.44,DRAMA
121,Campo Grande,2015,10.9,ACTION
122,Espoo,2015,7.01,ACTION
123,Manzini,2013,7.33,ACTION
124,Omdurman,2014,8.51,ACTION
125,Vitória,2018,3.26,CRIME
126,Kingstown,2022,3.49,CRIME
127,New York City,2018,7.3,DRAMA
128,Pretoria,2019,1.25,DRAMA
129,Dibrugarh,2013,1.61,DRAMA
130,Seattle,2022,1.5,ACTION
131,Seoul,2018,8.93,ACTION
132,Nouméa,2016,4.62,ACTION
133,Mamoudzou,2012,2.12,CRIME
134,Barranquilla,2019,2.95,WESTERN
135,Forked River,2014,7.4,DRAMA
136,Rabat,2017,3.71,CRIME
137,Ürümqi,2022,8.7,DRAMA
138,São Tomé,2020,8.98,WESTERN
139,Nassau,2021,10.92,CRIME
140,Port Vila,2015,3.99,CRIME
141,Tripoli,2014,7.99,ACTION
142,Chittagong,2020,6.82,CRIME
143,Hangzhou,2013,10.38,WESTERN
144,Bamako,2015,1.25,CRIME
145,Bloemfontein,2021,5.97,CRIME
146,Sri Jayawardenapura-Kotte,2018,3.65,CRIME
147,Hai Phong,2017,5.61,CRIME
148,Iquitos,2016,1.97,ACTION
149,Columbus,2016,5.71,DRAMA
150,Salzburg,2014,1.13,WESTERN
151,St. Louis,2018,7.79,DRAMA
152,Siem Reap,2013,4.35,WESTERN
153,Ho Chi Minh City,2013,2.95,CRIME
154,Wichita,2021,8.22,DRAMA
155,Vatican City,2017,2.88,DRAMA
156,Kathmandu,2019,7.08,WESTERN
157,Maseru,2020,4.15,ACTION
158,Fredericton,2012,8.68,CRIME
159,Zagreb,2021,2.91,WESTERN
160,Taiyuan,2016,6.2,DRAMA
161,Melekeok,2015,1.98,WESTERN
162,Luxor,2016,9.2,ACTION
163,Macau,2015,7.91,WESTERN
164,Accra,2016,6.13,DRAMA
165,Zamboanga City,2016,5.32,ACTION
166,Assis,2013,1.68,CRIME
167,Chicago,2021,1.63,DRAMA
168,Durban,2012,6.4,ACTION
169,Livingstone,2022,5.46,DRAMA
170,Lagos,2019,1.27,ACTION
171,San Juan,2015,9.88,DRAMA
172,Campinas,2012,1.74,CRIME
173,Tbilisi,2020,7.88,DRAMA
174,Lhasa,2016,1.45,CRIME
175,Conakry,2017,5.49,WESTERN
176,Kaliningrad,2014,8.35,ACTION
177,Fortaleza,2017,3.26,CRIME
178,Bamako,2016,9.17,DRAMA
179,Tabriz,2016,6.95,CRIME
180,Dodoma,2021,4.04,ACTION
181,Alexandria,2015,3.24,DRAMA
182,Quito,2019,3.46,CRIME
183,Pristina,2021,3.67,ACTION
184,Shigatse,2020,2.8,WESTERN
185,Manila,2018,10.93,ACTION
186,Houston,2012,10.49,WESTERN
187,Birkirkara,2013,2.09,ACTION
188,Vitória,2015,8.34,DRAMA
189,Christchurch,2018,6.06,DRAMA
190,Sabha,2021,6.92,DRAMA
191,Lusaka,2017,8.27,CRIME
192,Chuí,2015,3.81,DRAMA
193,Sukhumi,2022,3.34,DRAMA
194,Luxor,2013,9.16,CRIME
195,Mexico City,2018,4.54,CRIME
196,Surat,2012,10.34,DRAMA
197,Zanzibar City,2019,7.48,WESTERN
198,Monrovia,2015,8.85,WESTERN
199,Timbuktu,2018,6.24,DRAMA
200,Vienna,2018,4.48,DRAMA
201,Phoenix,2020,8.2,WESTERN
202,Johor Bahru,2013,4.56,ACTION
203,Kota Kinabalu,2013,7.17,ACTION
204,Zagreb,2013,8.45,DRAMA
205,Düsseldorf,2015,4,ACTION
206,Ushuaia,2017,3.98,DRAMA
207,Cape Town,2015,8.77,ACTION
208,Asmara,2012,2.9,CRIME
209,Road Town,2018,10.14,ACTION
210,Jaipur,2014,10.08,DRAMA
211,Birmingham,2012,9.91,WESTERN
212,Brazzaville,2022,10.14,DRAMA
213,Pittsburgh,2012,6.23,CRIME
214,Tabriz,2016,3.88,CRIME
215,Detroit,2020,9.37,DRAMA
216,Bogor,2012,5.26,ACTION
217,Novosibirsk,2012,10.86,CRIME
218,Chişinău,2021,4.24,WESTERN
219,Port of Spain,2014,3.47,CRIME
220,Greenwich,2018,8.65,CRIME
221,Tabriz,2013,4.38,ACTION
222,Invercargill,2013,1.88,CRIME
223,Guatemala City,2014,10.84,CRIME
224,Washington,2021,3.83,DRAMA
225,Medina,2020,9.12,CRIME
226,Tunis,2019,10.69,DRAMA
227,Chittagong,2014,1.58,WESTERN
228,Saskatoon,2012,8.85,DRAMA
229,Hanga Roa,2012,5.76,WESTERN
230,Jinan,2021,7.6,ACTION
231,Vilnius,2022,5.14,CRIME
232,Johannesburg,2020,6.67,WESTERN
233,Alofi,2013,8.17,ACTION
234,Tokyo,2016,2.6,WESTERN
235,Port of Spain,2014,1.03,DRAMA
236,Palikir,2016,2.2,ACTION
237,Kyoto,2019,7.1,CRIME
238,Baku,2018,8.62,ACTION
239,Singapore,2017,4.35,WESTERN
240,Nanjing,2018,10.19,ACTION
241,Denpasar,2012,9.55,DRAMA
242,Muscat,2016,9.78,WESTERN
243,Lisbon,2014,5.91,DRAMA
244,Belmopan,2012,5.8,DRAMA
245,Riverside,2022,9.68,CRIME
246,Nizhny Novgorod,2020,6.47,DRAMA
247,Nouakchott,2013,7.64,DRAMA
248,Rawalpindi,2017,5.52,WESTERN
249,Da Nang,2020,7.19,WESTERN
250,Alexandria,2012,5.49,WESTERN
251,Bucharest,2014,3.67,WESTERN
252,Castries,2017,8.61,DRAMA
253,Fort-de-France,2012,3.03,CRIME
254,Frankfurt,2020,4.06,ACTION
255,Chongjin,2019,1.45,WESTERN
256,Rochester,2017,6.93,DRAMA
257,Nouakchott,2021,5.01,WESTERN
258,Durango,2012,1.12,ACTION
259,Changchun,2016,5.51,WESTERN
260,Incheon,2019,2.62,WESTERN
261,Ulan Bator,2012,4.69,CRIME
262,Barcelona,2016,3.05,ACTION
263,San Diego,2012,7.36,ACTION
264,Belfast,2012,9.48,CRIME
265,Bogotá,2022,4.7,DRAMA
266,Conakry,2013,4.24,CRIME
267,Birkirkara,2019,7.79,DRAMA
268,Bishkek,2022,4.35,CRIME
269,Zanzibar City,2018,10.1,DRAMA
270,Luxor,2022,2.35,CRIME
271,Baltimore,2013,6.04,CRIME
272,Jerusalem,2014,9.43,WESTERN
273,Alexandria,2017,6.07,CRIME
274,Riverside,2018,7.26,DRAMA
275,Tashkent,2012,8.59,WESTERN
276,Tallinn,2015,3.85,DRAMA
277,Udon Thani,2015,9.62,ACTION
278,Chengdu,2017,6.11,WESTERN
279,Malmö,2014,9.69,CRIME
280,Reykjavík,2013,4.35,WESTERN
281,Saskatoon,2022,9.33,WESTERN
282,Singapore,2022,1.17,WESTERN
283,Christchurch,2018,7.76,WESTERN
284,Palembang,2016,6.41,DRAMA
285,Asmara,2022,5.41,WESTERN
286,Bandar Seri Begawan,2015,4.98,WESTERN
287,Weno,2022,10.09,CRIME
288,São Paulo,2013,5.4,ACTION
289,Bogor,2020,7.65,DRAMA
290,Shenzhen,2014,5.43,WESTERN
291,Adak,2014,10.94,WESTERN
292,Albuquerque,2012,6.41,DRAMA
293,Paris,2022,6.19,CRIME
294,Johannesburg,2013,4.89,WESTERN
295,Vilnius,2014,3.79,DRAMA
296,Lucknow,2019,6.06,WESTERN
297,Nukulaelae,2019,10.46,ACTION
298,San Diego,2014,1.23,WESTERN
299,Vilnius,2013,7.33,WESTERN
300,Invercargill,2018,7.41,ACTION
301,Athens,2020,8.77,WESTERN
302,Gangtok,2022,10.36,ACTION
303,Guayaquil,2021,3.36,CRIME
304,Gangtok,2022,7,DRAMA
305,San Antonio,2021,5.73,DRAMA
306,Rio de Janeiro,2014,4.56,DRAMA
307,Manchester,2016,3.91,ACTION
308,Seville,2014,2.14,WESTERN
309,Saskatoon,2018,5.54,WESTERN
310,Quebec City,2012,4.46,WESTERN
311,Ludhiana,2022,8.04,ACTION
312,Denpasar,2017,8.93,CRIME
313,El Paso,2013,7.95,DRAMA
314,Tbilisi,2022,4.6,ACTION
315,Brasília,2016,7.09,WESTERN
316,Saint Petersburg,2016,8.04,DRAMA
317,Anadyr (town),2016,7.6,ACTION
318,Tartu,2017,3.12,ACTION
319,Islamabad,2020,3,DRAMA
320,Porto,2014,8.13,WESTERN
321,Birkirkara,2019,3.11,DRAMA
322,Porto,2021,2.5,DRAMA
323,Recife,2016,4.9,WESTERN
324,Antofagasta,2014,10.52,ACTION
325,Hiroshima,2013,5.53,WESTERN
326,Patna,2012,9.28,ACTION
327,Iloilo City,2014,8.25,ACTION
328,Koror,2015,2.19,CRIME
329,Campo Grande,2012,8.96,ACTION
330,Espoo,2021,6.48,ACTION
331,Chiang Mai,2022,2.9,CRIME
332,Liverpool,2021,5.07,CRIME
333,Chittagong,2021,7.42,DRAMA
334,Edmonton,2016,10,CRIME
335,Veracruz,2015,9.26,CRIME
336,St. Louis,2015,2.11,DRAMA
337,Valparaíso,2019,2.89,DRAMA
338,Kiev,2015,9.06,WESTERN
339,Buenos Aires,2017,2.28,WESTERN
340,Virginia Beach,2020,10.57,ACTION
341,Salt Lake City,2021,1.03,CRIME
342,Jamestown,2018,4.48,DRAMA
343,Denpasar,2018,3.02,DRAMA
344,Zhengzhou,2012,2.77,DRAMA
345,Horta (Azores),2020,2.95,ACTION
346,Chicago,2022,8.99,ACTION
347,Kuching,2018,7.68,DRAMA
348,Kinshasa,2014,8.81,CRIME
349,Zamboanga City,2018,1.2,CRIME
350,Pekanbaru,2014,5.3,WESTERN
351,Kunming,2012,6.67,DRAMA
352,Kota Bharu,2012,5.8,DRAMA
353,Port Hedland,2015,9.2,ACTION
354,Chittagong,2017,6.46,ACTION
355,Accra,2015,2.46,DRAMA
356,Abuja,2022,10.65,DRAMA
357,Vienna,2017,8.04,CRIME
358,Murmansk,2015,8.07,ACTION
359,Yaoundé,2020,8.74,WESTERN
360,Warsaw,2018,4.07,ACTION
361,Guadalajara,2015,3.84,CRIME
362,Papeete,2016,2.52,WESTERN
363,El Aaiún,2015,6.17,DRAMA
364,Pago Pago,2021,8.76,ACTION
365,Daegu,2021,9.42,WESTERN
366,Chongqing,2019,5.65,WESTERN
367,Warsaw,2013,3.9,WESTERN
368,Sarajevo,2012,8.57,WESTERN
369,Bissau,2016,6.57,ACTION
370,Quetzaltenango,2018,3.75,ACTION
371,Sri Jayawardenapura-Kotte,2021,1.44,ACTION
372,Quito,2012,5.8,ACTION
373,Prague,2015,2.88,CRIME
374,Kinshasa,2016,8.94,CRIME
375,Brazzaville,2016,6.95,ACTION
376,Multan,2019,1.23,DRAMA
377,Manchester,2014,8.14,WESTERN
378,Belize City,2016,8.25,WESTERN
379,Düsseldorf,2018,9.87,WESTERN
380,Minsk,2020,4.8,CRIME
381,Kiev,2018,2.69,CRIME
382,Tianjin,2013,10.62,DRAMA
383,Belmopan,2018,10.3,CRIME
384,Greenwich,2021,3.47,WESTERN
385,Gdańsk,2020,8.66,CRIME
386,Forked River,2013,3.32,WESTERN
387,Bratsk,2021,6.17,ACTION
388,Kathmandu,2019,3.4,ACTION
389,Karachi,2015,6.52,WESTERN
390,Damascus,2015,4.02,CRIME
391,Cairns,2013,5.79,ACTION
392,Cardiff,2022,9.83,WESTERN
393,Washington,2014,5.69,WESTERN
394,Dunedin,2021,9.22,DRAMA
395,Edmonton,2013,4.65,DRAMA
396,Jinan,2015,6.77,ACTION
397,Wollongong,2013,6.27,DRAMA
398,Minneapolis,2017,1.21,ACTION
399,Tamale,2019,3.24,DRAMA
400,Cartagena,2016,4.56,ACTION
401,Xi'an,2014,9.42,ACTION
402,Dar es Salaam,2017,1.76,WESTERN
403,St. John's,2017,2.79,DRAMA
404,Saint John,2012,1.89,WESTERN
405,Colombo,2017,3,DRAMA
406,Kota Bharu,2022,9,WESTERN
407,Casablanca,2014,2.09,ACTION
408,Port of Spain,2018,2.57,WESTERN
409,Regina,2020,2.67,DRAMA
410,Lilongwe,2014,3.72,DRAMA
411,Shillong,2022,2.99,ACTION
412,Nanjing,2015,5.13,WESTERN
413,Strasbourg,2022,4.03,WESTERN
414,Okinawa,2016,9.1,CRIME
415,Hilo,2012,6,WESTERN
416,Kuching,2022,3.04,WESTERN
417,Budapest,2013,10.62,ACTION
418,Tijuana,2017,6.78,DRAMA
419,Porto Alegre,2016,3.67,ACTION
420,Wellington,2013,9.58,ACTION
421,San José,2016,6.53,ACTION
422,Phnom Penh,2022,5.51,CRIME
423,Moscow,2013,5.17,ACTION
424,Douglas,2020,9.63,ACTION
425,El Paso,2020,7.87,WESTERN
426,Port Said,2015,4.25,DRAMA
427,Bloemfontein,2012,9.31,WESTERN
428,Bangui,2015,7.15,CRIME
429,Geelong,2013,4.17,DRAMA
430,Regina,2014,7.95,ACTION
431,Nanning,2013,5.64,WESTERN
432,Kota Kinabalu,2014,10.96,DRAMA
433,Okinawa,2017,5.25,WESTERN
434,Medan,2015,1.43,DRAMA
435,Siem Reap,2017,2.9,ACTION
436,Incheon,2013,3.65,DRAMA
437,Málaga,2019,5.8,ACTION
438,Buffalo,2016,7.22,DRAMA
439,Belmopan,2012,1.43,CRIME
440,Munich,2019,6.48,ACTION
441,Taipei,2015,8.37,ACTION
442,Zanzibar City,2020,1.15,ACTION
443,South Tarawa,2012,10.11,ACTION
444,Suva,2015,2.1,DRAMA
445,Port of Spain,2012,7.86,ACTION
446,Cayenne,2020,1.31,ACTION
447,Abuja,2015,6.28,DRAMA
448,Vientiane,2016,9.07,CRIME
449,Ankara,2020,6.01,ACTION
450,Yangon,2020,10.69,WESTERN
451,Belmopan,2018,9.28,WESTERN
452,Bangui,2015,3.25,ACTION
453,Valletta,2021,9.25,DRAMA
454,Nagoya,2017,10.79,CRIME
455,Amman,2014,2.8,CRIME
456,Dallas,2019,8.83,ACTION
457,Las Vegas,2012,9.85,ACTION
458,Virginia Beach,2022,6.64,ACTION
459,Jerusalem,2012,10.13,ACTION
460,Houston,2014,2.94,WESTERN
461,Francistown,2022,5.41,CRIME
462,Iquique,2015,6.67,CRIME
463,Memphis,2022,4.91,WESTERN
464,Belfast,2017,10.53,WESTERN
465,Thimphu,2013,8.98,CRIME
466,Graz,2012,1.9,CRIME
467,Yangon,2021,6.77,WESTERN
468,Gaza,2013,3.3,CRIME
469,Mecca,2022,4.56,CRIME
470,Udon Thani,2017,5.08,WESTERN
471,Pekanbaru,2020,3.62,WESTERN
472,Ilhéus,2019,9.47,DRAMA
473,Malacca Town,2017,3.52,CRIME
474,Saint Petersburg,2018,9.08,CRIME
475,Vatican City,2020,9.43,ACTION
476,Salzburg,2016,8.45,ACTION
477,Konya,2013,9.89,CRIME
478,Saipan,2022,5.35,DRAMA
479,Los Angeles,2012,7.76,ACTION
480,Porto Alegre,2017,8.51,ACTION
481,Douglas,2017,3.42,CRIME
482,Dakar,2015,9.61,WESTERN
483,Bilbao,2022,6.78,ACTION
484,Bogotá,2019,7.2,DRAMA
485,Sukhumi,2018,5.39,CRIME
486,City of Halifax,2016,2.73,DRAMA
487,Adelaide,2019,9.44,WESTERN
488,Abidjan,2017,7.86,DRAMA
489,Bern,2017,7.96,WESTERN
490,Vienna,2018,7.45,WESTERN
491,Bratislava,2022,3.98,WESTERN
492,Valparaíso,2013,3.16,ACTION
493,Samara,2020,5.35,CRIME
494,Shenyang,2017,7.69,DRAMA
495,Dresden,2019,6.34,WESTERN
496,Rochester,2012,4.96,CRIME
497,Phuket (city),2013,2.47,DRAMA
498,Kandy,2017,6.87,WESTERN
499,Qingdao,2018,4.28,DRAMA
500,Hong Kong,2012,8.08,CRIME
501,Mumbai,2020,5.06,DRAMA
502,Changchun,2020,10.46,CRIME
503,Perm,2018,6.3,CRIME
504,Leipzig,2017,2.8,DRAMA
505,Okinawa,2013,10.68,ACTION
506,San Diego,2017,5.01,CRIME
507,Virginia Beach,2022,6.4,ACTION
508,Labasa,2020,10.12,CRIME
509,Pekanbaru,2017,10.47,WESTERN
510,Lanzhou,2021,8.58,CRIME
511,Denver,2012,5.86,ACTION
512,Berlin,2013,5.09,CRIME
513,Port Elizabeth,2012,4.64,WESTERN
514,Omsk,2015,9.57,WESTERN
515,Marrakech,2018,3.69,ACTION
516,Suva,2020,10.9,CRIME
517,Calgary,2019,8.14,WESTERN
518,Belgrade,2019,4.32,CRIME
519,Port of Spain,2014,8.5,DRAMA
520,Vienna,2020,3.52,DRAMA
521,Shillong,2017,1.34,CRIME
522,Bujumbura,2017,2.13,CRIME
523,Hat Yai,2020,9.71,ACTION
524,Tiraspol,2021,3.22,WESTERN
525,Labasa,2017,9.74,DRAMA
526,Townsville,2013,5,CRIME
527,Rotterdam,2017,6.45,ACTION
528,Yellowknife,2015,1.29,DRAMA
529,Phuket (city),2019,4.92,ACTION
530,Murmansk,2022,1.04,DRAMA
531,Düsseldorf,2019,2.64,CRIME
532,Nicosia,2013,8.64,ACTION
533,Malabo,2015,4.29,CRIME
534,Malang,2018,7.21,WESTERN
535,Virginia Beach,2018,1.71,WESTERN
536,Dallas,2012,4.65,ACTION
537,Surat,2013,4.63,CRIME
538,Mata-Utu,2015,4.09,DRAMA
539,Leeds,2021,5.23,CRIME
540,Koulikoro,2012,2.84,CRIME
541,Leeds,2016,5.28,WESTERN
542,Luxembourg (city),2013,8.13,CRIME
543,Port-au-Prince,2021,10.58,ACTION
544,Bratislava,2014,3.48,CRIME
545,Prague,2020,7.61,ACTION
546,Montreal,2018,5.7,WESTERN
547,Medina,2013,8.8,ACTION
548,Tegucigalpa,2015,4.37,CRIME
549,Arequipa,2020,9.61,DRAMA
550,Beirut,2021,6.45,WESTERN
551,Brussels,2013,7.69,ACTION
552,Mérida,2015,4.09,DRAMA
553,Calgary,2019,8.4,ACTION
554,Srinagar,2017,9.18,CRIME
555,Surat Thani,2022,9.15,DRAMA
556,Fukuoka,2020,4.87,ACTION
557,Edinburgh,2014,7.56,WESTERN
558,Ibadan,2015,5.78,WESTERN
559,Newcastle,2013,6.63,CRIME
560,Campinas,2015,4.95,WESTERN
561,Hanga Roa,2017,10.59,ACTION
562,Brisbane,2014,3.44,CRIME
563,Bogotá,2020,2.88,ACTION
564,Vientiane,2016,9.34,ACTION
565,Amritsar,2017,6.31,ACTION
566,Anchorage,2018,8.17,DRAMA
567,Stanley,2021,1.3,CRIME
568,Magadan,2018,3.61,CRIME
569,Porto Alegre,2021,6.26,DRAMA
570,Puerto Williams,2021,7.72,ACTION
571,St. George's,2017,8.07,WESTERN
572,Hargeisa,2016,5.97,DRAMA
573,Brussels,2018,8.55,DRAMA
574,Concepción,2012,3.67,WESTERN
575,Colombo,2018,3.22,DRAMA
576,Honiara,2021,7.77,WESTERN
577,Nukus,2013,2.51,CRIME
578,Makati City,2017,3.16,CRIME
579,Montreal,2016,9.22,WESTERN
580,Dededo,2021,1.13,CRIME
581,Rio Branco,2017,10.54,ACTION
582,Maracaibo,2014,3.98,DRAMA
583,Strasbourg,2015,8.16,CRIME
584,Dhaka,2015,5.52,WESTERN
585,Kyoto,2019,5.78,CRIME
586,Shanghai,2019,7.34,CRIME
587,Cotonou,2016,3.88,CRIME
588,Khartoum,2022,9.95,ACTION
589,Tehran,2015,1.09,WESTERN
590,Johannesburg,2012,10.59,WESTERN
591,Cairo,2022,7.05,WESTERN
592,Campinas,2021,5.37,WESTERN
593,Maseru,2019,8.29,DRAMA
594,Berlin,2020,2.29,ACTION
595,Lhasa,2012,7.3,ACTION
596,Tagbilaran,2014,6.82,WESTERN
597,Shigatse,2018,1.73,CRIME
598,Kingston,2018,7.35,CRIME
599,Addis Ababa,2019,4.07,DRAMA
600,Chennai,2020,7.49,CRIME
601,Mumbai,2018,8.62,CRIME
602,Townsville,2018,5.68,DRAMA
603,St. Louis,2013,4.43,WESTERN
604,Porto,2014,5.22,ACTION
605,Naypyidaw,2019,7.69,ACTION
606,Tartu,2021,6.52,DRAMA
607,Hangzhou,2018,1.65,WESTERN
608,Tijuana,2012,9.71,DRAMA
609,Bogor,2016,7.84,CRIME
610,Bogotá,2020,9.2,CRIME
611,Nouméa,2018,8.95,CRIME
612,Istanbul,2013,9.44,ACTION
613,Helsinki,2021,8.54,DRAMA
614,Handan,2015,4.48,CRIME
615,Saint-Pierre,2022,5.27,CRIME
616,Mérida,2021,9.55,CRIME
617,Strasbourg,2014,2.5,WESTERN
618,La Paz,2022,2.4,ACTION
619,Vitória,2015,6.92,CRIME
620,Doha,2016,9.44,WESTERN
621,Amritsar,2022,4.3,WESTERN
622,Hong Kong,2014,5.83,CRIME
623,Havana,2014,10.61,DRAMA
624,Dakar,2012,3.4,DRAMA
625,Zamboanga City,2018,9.83,ACTION
626,Arbil,2012,1.45,DRAMA
627,Palikir,2018,8.44,CRIME
628,Port Hedland,2017,5.42,WESTERN
629,London,2012,3.12,DRAMA
630,Vitória,2019,10.79,CRIME
631,Yakutsk,2021,4.48,ACTION
632,Porto,2022,9.48,DRAMA
633,Jerusalem,2014,1.92,WESTERN
634,Chengdu,2016,4.05,CRIME
635,Copenhagen,2021,10.52,DRAMA
636,São Tomé,2018,1.28,WESTERN
637,Yerevan,2014,10.19,ACTION
638,Koulikoro,2018,5.66,DRAMA
639,Lomé,2014,4.44,DRAMA
640,Chuí,2018,7.41,CRIME
641,Tripoli,2021,7.68,DRAMA
642,Kuwait City,2014,6.16,ACTION
643,Dhaka,2016,6.28,DRAMA
644,Nizhny Novgorod,2020,10.6,DRAMA
645,Novosibirsk,2018,1.8,ACTION
646,Cork (city),2022,10.2,ACTION
647,Mandurah,2019,7.57,WESTERN
648,Liverpool,2021,6.09,DRAMA
649,Omdurman,2013,2.18,DRAMA
650,Muscat,2022,10.67,DRAMA
651,Alexandria,2016,5.64,DRAMA
652,Bissau,2019,6.09,WESTERN
653,Omdurman,2020,6.58,CRIME
654,St. John's,2015,3.11,CRIME
655,Amman,2015,6.71,ACTION
656,Munich,2020,3.2,ACTION
657,Cebu City,2013,8.01,CRIME
658,Hanga Roa,2012,6.24,CRIME
659,Longyearbyen,2020,2.99,DRAMA
660,Bogotá,2019,4.88,WESTERN
661,Milan,2022,10.05,WESTERN
662,Shijiazhuang,2012,6.72,WESTERN
663,Baku,2016,3.87,ACTION
664,Gdańsk,2020,2.87,WESTERN
665,Hangzhou,2014,1.13,CRIME
666,Port-au-Prince,2012,6.48,ACTION
667,Hagåtña,2016,9.14,WESTERN
668,Bulawayo,2012,7.55,WESTERN
669,Makassar,2020,1.4,CRIME
670,Avarua,2019,9.19,ACTION
671,Aarhus,2022,2.96,CRIME
672,İzmir,2017,4.13,WESTERN
673,Kathmandu,2017,2.84,DRAMA
674,Tampere,2013,9.55,WESTERN
675,Philadelphia,2022,2.85,WESTERN
676,Liverpool,2019,8.97,DRAMA
677,Philadelphia,2017,9.71,CRIME
678,Baku,2013,10.51,ACTION
679,Iqaluit,2021,9.22,CRIME
680,Portland,2015,4.25,DRAMA
681,Stockholm,2017,8.16,ACTION
682,Murmansk,2012,5.41,DRAMA
683,Monaco,2018,10.57,WESTERN
684,Dibrugarh,2016,9.09,WESTERN
685,Bangalore,2020,2.72,WESTERN
686,Charlottetown,2012,5.16,CRIME
687,Adamstown,2015,2.81,ACTION
688,Accra,2020,9.7,WESTERN
689,Timbuktu,2017,5.96,CRIME
690,Alor Star,2020,9.93,WESTERN
691,Wollongong,2017,4.48,CRIME
692,Medan,2019,2.4,ACTION
693,Malmö,2018,9.08,WESTERN
694,Honolulu,2013,2.59,ACTION
695,Changchun,2020,3.15,CRIME
696,Calgary,2014,3.41,DRAMA
697,Birmingham,2018,5.89,WESTERN
698,Murmansk,2020,8.09,DRAMA
699,Chuí,2021,10.58,WESTERN
700,Tripoli,2016,3.69,DRAMA
701,Denver,2017,8.17,WESTERN
702,Barcelona,2016,7.88,CRIME
703,Mexico City,2021,1.99,DRAMA
704,Cork (city),2020,10.56,ACTION
705,Adelaide,2015,7.79,DRAMA
706,Fairbanks,2016,2.95,DRAMA
707,Praia,2016,10.11,DRAMA
708,Karachi,2014,8.56,WESTERN
709,Phuket (city),2022,8.93,WESTERN
710,Peshawar,2021,3.77,ACTION
711,Abuja,2020,3.19,WESTERN
712,Sana'a,2018,1.43,WESTERN
713,Greenwich,2018,9.39,CRIME
714,Washington,2017,2.53,DRAMA
715,Brikama,2015,3.45,ACTION
716,Kanpur,2020,2.01,WESTERN
717,Jacksonville,2018,9.23,ACTION
718,Belize City,2019,3.91,CRIME
719,Mogadishu,2020,4.97,DRAMA
720,Basra,2014,3.91,WESTERN
721,Medellín,2019,5.39,ACTION
722,Monrovia,2018,10.97,WESTERN
723,Gangtok,2016,6.07,WESTERN
724,Lagos,2014,1.04,DRAMA
725,Murmansk,2020,6.13,DRAMA
726,Tampere,2019,4.72,CRIME
727,Samara,2022,9.89,ACTION
728,Chişinău,2019,8.83,CRIME
729,Accra,2020,6.03,DRAMA
730,Bern,2013,7.87,ACTION
731,Semarang,2019,10.82,WESTERN
732,Bamako,2022,1.1,ACTION
733,Bogotá,2020,5,DRAMA
734,Yaren District,2012,7.57,CRIME
735,Panama City,2022,8.53,CRIME
736,Dibrugarh,2017,7.42,DRAMA
737,Brazzaville,2018,9.88,CRIME
738,Cardiff,2015,7.71,WESTERN
739,Glasgow,2021,8.93,DRAMA
740,Lima,2012,9.15,WESTERN
741,N'Djamena,2014,7.98,WESTERN
742,Shijiazhuang,2016,2.98,ACTION
743,Bergen,2015,5.09,ACTION
744,Wellington,2022,2.25,DRAMA
745,Gdańsk,2014,5.43,DRAMA
746,Tegucigalpa,2015,6.75,ACTION
747,Caracas,2022,1.51,ACTION
748,Bratislava,2020,6.28,DRAMA
749,Rabi Island,2020,4.17,ACTION
750,Sapporo,2021,9.26,CRIME
751,Surat Thani,2017,7.84,WESTERN
752,Makassar,2017,7.51,CRIME
753,Semarang,2018,7.56,CRIME
754,Kuala Lumpur,2012,1.91,WESTERN
755,Seattle,2017,2.36,DRAMA
756,Riverside,2018,1.2,DRAMA
757,Budapest,2013,7.74,WESTERN
758,Split (city),2021,8.7,WESTERN
759,Fairbanks,2015,3.64,CRIME
760,St. Louis,2019,9.38,CRIME
761,Guwahati,2018,2.54,WESTERN
762,Memphis,2015,7.08,DRAMA
763,Yogyakarta (city),2017,5.77,DRAMA
764,Brazzaville,2016,9.52,CRIME
765,Faisalabad,2013,7.88,ACTION
766,Cayenne,2016,5.79,CRIME
767,Yangon,2017,9.23,DRAMA
768,Porto-Novo,2018,6.14,WESTERN
769,Port Said,2020,10.18,ACTION
770,Astana,2015,1.54,ACTION
771,Cebu City,2018,7.65,WESTERN
772,Havana,2022,9.34,DRAMA
773,Dakar,2015,8.38,WESTERN
774,Beijing,2020,10.14,CRIME
775,Leeds,2021,1.51,WESTERN
776,Pattaya,2019,4.3,ACTION
777,Riga,2020,6.5,WESTERN
778,Blantyre,2021,8.16,DRAMA
779,Port Moresby,2022,6.76,WESTERN
780,Nagpur,2018,4.84,WESTERN
781,Kota Bharu,2016,3.6,DRAMA
782,Athens,2020,5.65,CRIME
783,Tokyo,2020,10.74,WESTERN
784,Cayenne,2018,5.76,WESTERN
785,Santa Cruz de Tenerife,2018,5.32,CRIME
786,Geelong,2012,10.11,CRIME
787,Rome,2019,10.25,CRIME
788,Koulikoro,2021,2.6,CRIME
789,San Juan,2017,2.97,ACTION
790,Stepanakert,2018,4.54,CRIME
791,Cairo,2015,3.29,WESTERN
792,Kandahar,2021,3.12,WESTERN
793,Vladivostok,2019,1.75,WESTERN
794,Vancouver,2018,9.04,DRAMA
795,Maceió,2016,4.49,CRIME
796,Columbus,2012,4.61,CRIME
797,Luanda,2020,2.37,CRIME
798,Casablanca,2018,9.93,ACTION
799,Pyongyang,2018,5.91,DRAMA
800,Cannes,2015,8.94,CRIME
801,Guwahati,2013,10.17,ACTION
802,Saint Petersburg,2015,10.41,WESTERN
803,Norilsk,2014,2.33,CRIME
804,Denpasar,2017,7.65,CRIME
805,Mata-Utu,2012,7.73,DRAMA
806,Albuquerque,2012,1.96,WESTERN
807,Cuiabá,2016,3.06,WESTERN
808,Anadyr (town),2013,7.26,WESTERN
809,St. Louis,2021,3.08,WESTERN
810,Tampa,2016,4.43,ACTION
811,Istanbul,2016,10.45,ACTION
812,Ouagadougou,2021,6.88,DRAMA
813,Geelong,2018,7.58,WESTERN
814,Saint John,2017,6.2,ACTION
815,Helsinki,2015,3.35,CRIME
816,Funafuti,2012,2.97,ACTION
817,Buffalo,2012,5.18,CRIME
818,Libreville,2020,10.84,CRIME
819,Namangan,2020,3.04,WESTERN
820,Islamabad,2021,3.71,ACTION
821,San Juan,2022,8.16,WESTERN
822,Kingston,2015,4.2,DRAMA
823,Ljubljana,2015,1.07,ACTION
824,Medan,2022,1.22,ACTION
825,Handan,2018,4.83,ACTION
826,San José,2021,2.77,DRAMA
827,Jersey City,2016,4.65,ACTION
828,Konya,2012,1.84,CRIME
829,Nouméa,2016,7.86,WESTERN
830,Durban,2013,2.7,DRAMA
831,Hyderabad,2012,5.46,WESTERN
832,Jerusalem,2012,4.12,ACTION
833,Fairbanks,2014,6.27,WESTERN
834,Chuí,2020,4.25,CRIME
835,Adelaide,2015,6.8,WESTERN
836,Espoo,2012,10.98,WESTERN
837,Jerusalem,2018,7.38,CRIME
838,Zagreb,2012,9.32,ACTION
839,Skopje,2017,3.06,DRAMA
840,Jinan,2013,8.43,CRIME
841,Dodoma,2012,3.97,CRIME
842,Port-au-Prince,2019,8.43,WESTERN
843,Lilongwe,2021,3.43,ACTION
844,Porto,2019,3.06,DRAMA
845,Pristina,2022,7.86,WESTERN
846,Cologne,2012,8.59,CRIME
847,Nouméa,2017,5.13,CRIME
848,Semarang,2014,6.86,DRAMA
849,Geneva,2013,7.31,CRIME
850,Johannesburg,2019,6.27,DRAMA
851,Sucre,2014,5.44,CRIME
852,Budapest,2015,10.38,ACTION
853,Caracas,2019,7.33,ACTION
854,Mamoudzou,2014,8.27,DRAMA
855,Pittsburgh,2021,3.43,ACTION
856,Padang,2012,7.05,WESTERN
857,Mogadishu,2015,6.69,ACTION
858,Melbourne,2012,1.59,CRIME
859,Lagos,2014,7.42,ACTION
860,Tabriz,2018,8.26,WESTERN
861,Adelaide,2022,5.91,ACTION
862,Milwaukee,2022,3.1,CRIME
863,Tijuana,2013,5.32,WESTERN
864,Konya,2017,10.65,CRIME
865,Mwanza,2021,1.93,DRAMA
866,Vilnius,2014,8.44,DRAMA
867,Málaga,2014,7.57,CRIME
868,Yekaterinburg,2021,1.5,ACTION
869,Sana'a,2021,6.08,ACTION
870,Lilongwe,2017,5.57,ACTION
871,Moscow,2014,3.54,CRIME
872,Nanjing,2020,10.43,DRAMA
873,Padang,2020,7.43,DRAMA
874,St. George's,2020,3.34,CRIME
875,Fairbanks,2021,9.29,ACTION
876,Bangkok,2017,10.2,DRAMA
877,Belgrade,2013,8.63,CRIME
878,Seattle,2017,5.19,WESTERN
879,Huế,2015,1.61,DRAMA
880,Brussels,2013,8.42,ACTION
881,Magadan,2013,2.64,CRIME
882,San Carlos de Bariloche,2019,4.01,ACTION
883,Paramaribo,2019,9.29,DRAMA
884,Tel Aviv,2017,8.67,ACTION
885,Wichita,2015,1.32,ACTION
886,Makati City,2021,3.61,CRIME
887,Sacramento,2014,7.77,CRIME
888,Jeddah,2013,6.92,ACTION
889,Kraków,2012,2.96,CRIME
890,Tashkent,2012,9.74,CRIME
891,Abuja,2018,10.15,CRIME
892,Moroni,2021,6.1,WESTERN
893,Cartagena,2013,4.24,CRIME
894,City of San Marino,2013,10.15,CRIME
895,Dresden,2018,2.1,WESTERN
896,Bloemfontein,2014,9.83,CRIME
897,Helsinki,2019,10.92,ACTION
898,San Francisco,2018,6.2,CRIME
899,Dresden,2016,3.27,WESTERN
900,Padang,2018,7.8,ACTION
901,Nuuk,2013,9.03,WESTERN
902,Saint-Denis,2017,10.02,DRAMA
903,Kuching,2021,2.44,ACTION
904,Nagoya,2015,10.44,ACTION
905,Chuí,2018,5.44,CRIME
906,Algiers,2020,6.54,ACTION
907,Majuro,2015,1.11,CRIME
908,Tokyo,2021,9.83,WESTERN
909,Paramaribo,2016,5.81,DRAMA
910,Shigatse,2013,2.02,DRAMA
911,Berlin,2018,2.84,CRIME
912,Sydney,2015,9.49,ACTION
913,Hai Phong,2019,3.99,CRIME
914,Banda Aceh,2022,1.2,CRIME
915,Shanghai,2016,3.3,DRAMA
916,Gold Coast,2017,9.91,DRAMA
917,Birkirkara,2021,6.47,DRAMA
918,Jayapura,2019,10.74,CRIME
919,Nice,2016,7.36,WESTERN
920,Thimphu,2015,3.53,CRIME
921,Nagpur,2012,3.77,DRAMA
922,Moroni,2014,6.91,WESTERN
923,Johannesburg,2017,7.01,ACTION
924,Kawasaki,2017,9.56,ACTION
925,Fortaleza,2017,10.9,CRIME
926,Medina,2014,1.67,WESTERN
927,Cannes,2015,4.73,CRIME
928,Ouagadougou,2015,10.7,ACTION
929,Charlotte,2012,3.28,WESTERN
930,Budapest,2022,4.57,ACTION
931,Tianjin,2012,6.49,ACTION
932,Mogadishu,2013,8.89,DRAMA
933,Melbourne,2015,3.26,ACTION
934,Lucknow,2021,2.25,CRIME
935,Arbil,2016,6.68,CRIME
936,Chongqing,2020,10.55,ACTION
937,Kaohsiung,2020,9.32,WESTERN
938,Monrovia,2016,5.07,ACTION
939,İzmir,2019,2.1,WESTERN
940,Nouméa,2013,7.35,CRIME
941,Amritsar,2022,10.33,CRIME
942,Regina,2021,1.71,CRIME
943,Tagbilaran,2022,5.9,CRIME
944,Perm,2012,2.89,WESTERN
945,Kuala Lumpur,2017,2.42,DRAMA
946,Assis,2013,2.78,ACTION
947,Durban,2020,2.84,ACTION
948,Gothenburg,2016,8.27,CRIME
949,Kawasaki,2014,9.87,ACTION
950,Cotonou,2019,8.82,WESTERN
951,Antananarivo,2013,9.9,ACTION
952,Medellín,2019,10.53,DRAMA
953,Rotterdam,2018,6.24,DRAMA
954,Porto-Novo,2012,10.56,CRIME
955,Vitória,2016,10.42,CRIME
956,Munich,2013,5.85,CRIME
957,Bloemfontein,2012,3.51,DRAMA
958,Zürich,2017,9.31,DRAMA
959,Surabaya,2012,10.23,CRIME
960,Makassar,2015,2.61,WESTERN
961,Baku,2017,5.23,DRAMA
962,Odessa,2016,8.42,DRAMA
963,Hagåtña,2020,2.31,ACTION
964,Namangan,2015,10.02,WESTERN
965,Nukuʻalofa,2014,6.06,WESTERN
966,Funafuti,2018,1.84,ACTION
967,Bahía Blanca,2013,6.37,ACTION
968,Thiès,2017,5.51,CRIME
969,Macapá,2018,7.41,CRIME
970,Bursa,2013,6.82,WESTERN
971,Phnom Penh,2014,4.68,CRIME
972,Dar es Salaam,2022,9.35,CRIME
973,Ushuaia,2012,8.35,DRAMA
974,Vladivostok,2019,5.97,ACTION
975,Brussels,2019,6.33,DRAMA
976,The Valley,2019,1.34,CRIME
977,Bergen,2013,3.3,WESTERN
978,Riga,2014,10.6,ACTION
979,Kingston,2015,1.44,WESTERN
980,Okinawa,2021,5.36,DRAMA
981,Ashgabat,2013,1.49,DRAMA
982,San Juan,2019,6.06,DRAMA
983,Phnom Penh,2022,5.89,DRAMA
984,Malmö,2013,7.43,DRAMA
985,Saint-Denis,2017,7.36,DRAMA
986,Port Elizabeth,2018,8.63,CRIME
987,Zhengzhou,2012,5.2,DRAMA
988,Turin,2016,5.92,ACTION
989,Valletta,2015,5.86,ACTION
990,Manama,2018,1.11,WESTERN
991,Nakhon Ratchasima,2021,9.58,CRIME
992,Sri Jayawardenapura-Kotte,2015,4.13,CRIME
993,Bangkok,2020,2.05,WESTERN
994,Perm,2014,6.44,WESTERN
995,Ulan Bator,2012,1.53,WESTERN
996,Oklahoma City,2016,9.62,ACTION
997,Road Town,2021,3.24,CRIME
998,Zapopan,2014,10.62,ACTION
999,Incheon,2016,5.26,CRIME
1000,Tokyo,2012,2.76,CRIME